<?xml version="1.0" encoding="UTF-8"?>
<dataSchema name="hdb_Brian_hackfest" preparer="Heurist user:guest guest">
  <!-- ****** -->
  <!--FAIMS Database Schema generated by Heurist Vsn 3.1.4, Friday 29th of November 2013 02:27:34 AM-->
  <!-- ****** -->
  <!--In Heurist, relationships are stored in a single relationship record type and 
        different types of relationship are distinguished by the relationship type field (attribute) whose values 
        can be organised hierarchichally. In FAIMS, each type of relationship is a separate record type, organised 
        into three classes - bidirectional, container and hierarchy-->
  <RelationshipElement type="bidirectional" HeuristID="0-3260" StandardCode="" name="4._Family-Ancestors">
    <description>-</description>
  </RelationshipElement>
  <RelationshipElement type="bidirectional" HeuristID="0-3258" StandardCode="" name="4._Family-byMarriage">
    <description>-</description>
  </RelationshipElement>
  <RelationshipElement type="bidirectional" HeuristID="2-3005" StandardCode="" name="3._Temporal-Causes">
    <description>-</description>
  </RelationshipElement>
  <RelationshipElement type="bidirectional" HeuristID="0-3259" StandardCode="" name="4._Family-Colateral_relationships">
    <description>Your parents siblings and their offspring</description>
  </RelationshipElement>
  <RelationshipElement type="bidirectional" HeuristID="0-3262" StandardCode="" name="3._Temporal-Overlap-Contains">
    <description>-</description>
  </RelationshipElement>
  <RelationshipElement type="bidirectional" HeuristID="0-3261" StandardCode="" name="4._Family-Descendants">
    <description>Children and their children</description>
  </RelationshipElement>
  <RelationshipElement type="bidirectional" HeuristID="2-3012" StandardCode="" name="3._Temporal-Sequence-EndsBefore">
    <description>-</description>
  </RelationshipElement>
  <RelationshipElement type="bidirectional" HeuristID="2-3170" StandardCode="" name="1._Generic-has_location">
    <description>-</description>
  </RelationshipElement>
  <RelationshipElement type="bidirectional" HeuristID="0-3266" StandardCode="" name="3._Temporal-Sequence-ImmediatelyFollows">
    <description>-</description>
  </RelationshipElement>
  <RelationshipElement type="bidirectional" HeuristID="0-3265" StandardCode="" name="3._Temporal-Sequence-ImmediatelyPrecedes">
    <description>-</description>
  </RelationshipElement>
  <RelationshipElement type="bidirectional" HeuristID="2-3084" StandardCode="" name="4._Family-Colateral_relationships-IsAuntOrUncleOf">
    <description>-</description>
  </RelationshipElement>
  <RelationshipElement type="bidirectional" HeuristID="2-3087" StandardCode="" name="4._Family-IsSiblingOf-IsBrotherOf">
    <description>-</description>
  </RelationshipElement>
  <RelationshipElement type="bidirectional" HeuristID="2-3088" StandardCode="" name="4._Family-byMarriage-IsBrotherOrSisterInLaw">
    <description>-</description>
  </RelationshipElement>
  <RelationshipElement type="bidirectional" HeuristID="0-3271" StandardCode="" name="3._Temporal-IsCausedBy">
    <description>-</description>
  </RelationshipElement>
  <RelationshipElement type="bidirectional" HeuristID="2-3090" StandardCode="" name="4._Family-Descendants-IsChildOf">
    <description>-</description>
  </RelationshipElement>
  <RelationshipElement type="bidirectional" HeuristID="0-3263" StandardCode="" name="3._Temporal-Overlap-IsContainedWithin">
    <description>-</description>
  </RelationshipElement>
  <RelationshipElement type="bidirectional" HeuristID="2-3091" StandardCode="" name="3._Temporal-Overlap-IsContemporaryWith">
    <description>-</description>
  </RelationshipElement>
  <RelationshipElement type="bidirectional" HeuristID="0-3264" StandardCode="" name="3._Temporal-Overlap-IsCoterminousWith">
    <description>-</description>
  </RelationshipElement>
  <RelationshipElement type="bidirectional" HeuristID="2-3092" StandardCode="" name="4._Family-Colateral_relationships-IsCousinOf">
    <description>-</description>
  </RelationshipElement>
  <RelationshipElement type="bidirectional" HeuristID="2-3188" StandardCode="" name="4._Family-Descendants-IsChildOf-IsDaughterOf">
    <description>-</description>
  </RelationshipElement>
  <RelationshipElement type="bidirectional" HeuristID="2-3094" StandardCode="" name="4._Family-byMarriage-IsDaughterOrSonInLaw">
    <description>-</description>
  </RelationshipElement>
  <RelationshipElement type="bidirectional" HeuristID="2-3133" StandardCode="" name="4._Family-IsFamilyMemberOf">
    <description>Added from LORE</description>
  </RelationshipElement>
  <RelationshipElement type="bidirectional" HeuristID="2-3095" StandardCode="" name="4._Family-Ancestors-IsParentOf-IsFatherOf">
    <description>-</description>
  </RelationshipElement>
  <RelationshipElement type="bidirectional" HeuristID="2-3116" StandardCode="" name="4._Family-Descendants-IsGrandChildOf">
    <description>-</description>
  </RelationshipElement>
  <RelationshipElement type="bidirectional" HeuristID="2-3243" StandardCode="" name="4._Family-Descendants-IsGrandChildOf-IsGrandDaughterOf">
    <description>-</description>
  </RelationshipElement>
  <RelationshipElement type="bidirectional" HeuristID="2-3099" StandardCode="" name="4._Family-Ancestors-IsGrandParentOf-IsGrandFatherOf">
    <description>-</description>
  </RelationshipElement>
  <RelationshipElement type="bidirectional" HeuristID="2-3100" StandardCode="" name="4._Family-Ancestors-IsGrandParentOf-IsGrandMotherOf">
    <description>-</description>
  </RelationshipElement>
  <RelationshipElement type="bidirectional" HeuristID="2-3115" StandardCode="" name="4._Family-Ancestors-IsGrandParentOf">
    <description>-</description>
  </RelationshipElement>
  <RelationshipElement type="bidirectional" HeuristID="2-3242" StandardCode="" name="4._Family-Descendants-IsGrandChildOf-IsGrandSonOf">
    <description>-</description>
  </RelationshipElement>
  <RelationshipElement type="bidirectional" HeuristID="2-3103" StandardCode="" name="4._Family-byMarriage-IsMarriedTo">
    <description>-</description>
  </RelationshipElement>
  <RelationshipElement type="bidirectional" HeuristID="2-3104" StandardCode="" name="4._Family-Ancestors-IsParentOf-IsMotherOf">
    <description>-</description>
  </RelationshipElement>
  <RelationshipElement type="bidirectional" HeuristID="2-3105" StandardCode="" name="4._Family-byMarriage-IsMotherOrFatherInLaw">
    <description>-</description>
  </RelationshipElement>
  <RelationshipElement type="bidirectional" HeuristID="2-3083" StandardCode="" name="4._Family-Colateral_relationships-IsNeiceOrNephewOf">
    <description>-</description>
  </RelationshipElement>
  <RelationshipElement type="bidirectional" HeuristID="2-3089" StandardCode="" name="4._Family-Ancestors-IsParentOf">
    <description>-</description>
  </RelationshipElement>
  <RelationshipElement type="bidirectional" HeuristID="2-3108" StandardCode="" name="1._Generic-IsRelatedTo">
    <description>-</description>
  </RelationshipElement>
  <RelationshipElement type="bidirectional" HeuristID="2-3118" StandardCode="" name="4._Family-IsSiblingOf">
    <description>-</description>
  </RelationshipElement>
  <RelationshipElement type="bidirectional" HeuristID="2-3117" StandardCode="" name="4._Family-IsSiblingOf-IsSisterOf">
    <description>-</description>
  </RelationshipElement>
  <RelationshipElement type="bidirectional" HeuristID="2-3189" StandardCode="" name="4._Family-Descendants-IsChildOf-IsSonOf">
    <description>-</description>
  </RelationshipElement>
  <RelationshipElement type="bidirectional" HeuristID="0-3269" StandardCode="" name="3._Temporal-Overlap">
    <description>-</description>
  </RelationshipElement>
  <RelationshipElement type="bidirectional" HeuristID="0-3290" StandardCode="" name="2._Spatial-Overlaps">
    <description>-</description>
  </RelationshipElement>
  <RelationshipElement type="bidirectional" HeuristID="0-3268" StandardCode="" name="3._Temporal-Overlap-OverlapsEndOf">
    <description>-</description>
  </RelationshipElement>
  <RelationshipElement type="bidirectional" HeuristID="0-3267" StandardCode="" name="3._Temporal-Overlap-OverlapsStartOf">
    <description>-</description>
  </RelationshipElement>
  <RelationshipElement type="bidirectional" HeuristID="0-3270" StandardCode="" name="3._Temporal-Sequence">
    <description>-</description>
  </RelationshipElement>
  <RelationshipElement type="bidirectional" HeuristID="2-3011" StandardCode="" name="3._Temporal-Sequence-StartsAfter">
    <description>-</description>
  </RelationshipElement>
  <RelationshipElement type="bidirectional" HeuristID="0-3291" StandardCode="" name="2._Spatial-Wholly_outside">
    <description>-</description>
  </RelationshipElement>
  <RelationshipElement type="bidirectional" HeuristID="0-3289" StandardCode="" name="2._Spatial-Wholly_within">
    <description>-</description>
  </RelationshipElement>
  <!--Archaeological elements correspond with Heurist record types-->
  <!--Properties correspond with Heurist base field types for this record type-->
  <!--NEW TAB-->
  <ArchaeologicalElement name="New Tab">
    <description>This tab contains two values</description>
    <property type="float" name="Feature ID">
      <description>enter numeric value of your collected entity</description>
    </property>
    <property type="enum" name="Feature Presence">
      <description>Was a feature present at the location you were sent to?</description>
      <lookup>
        <term HeuristID="2-531" StandardCode="">{No}<description>Negative response</description></term>
        <term HeuristID="2-532" StandardCode="">{Yes}<description>Affirmative response</description></term>
      </lookup>
    </property>
  </ArchaeologicalElement>
  <!--ERROR!!!!! This ArchaeologicalEntity does not have identifiers!!! Verify TitleMask in Heurist recordtype!-->
</dataSchema>
