<?xml version="1.0" encoding="utf-8"?>
<h:html xmlns="http://www.w3.org/2002/xforms" xmlns:h="http://www.w3.org/1999/xhtml" xmlns:ev="http://www.w3.org/2001/xml-events" xmlns:xsd="http://www.w3.org/2001/XMLSchema" xmlns:jr="http://openrosa.org/javarosa">
  <!-- ****** -->
  <!--FAIMS UI Schema generated by Heurist Vsn 3.1.4, Friday 29th of November 2013 02:27:34 AM-->
  <!--Database: hdb_Brian_hackfest   Heurist user:guest guest-->
  <!-- ****** -->
  <h:head>
    <h:title>hdb Brian hackfest</h:title>
    <!--model lists user interface tabgroups, tabs and content of tabs-->
    <model>
      <instance>
        <faims id="hdb_Brian_hackfest">
          <style>
            <orientation>
              <orientation/>
            </orientation>
            <even>
              <layout_weight/>
            </even>
          </style>
          <user>
            <usertab>
              <users/>
            </usertab>
          </user>
          <!--control tabgroup that contains button to manipulate entities: load, list, create-->
          <control>
            <buttonholder>
              <New_Tab/>
            </buttonholder>
            <map>
              <map/>
              <mapContainer>
                <child0>
                  <zoomGPS/>
                </child0>
                <child1>
                  <clear/>
                </child1>
                <child2>
                  <create/>
                </child2>
              </mapContainer>
            </map>
            <data>
              <New_TabList/>
              <New_TabLoad/>
            </data>
            <gps>
              <connectexternal/>
              <connectinternal/>
              <startsync/>
              <stopsync/>
              <startTimeLog/>
              <startDistanceLog/>
              <stopTrackLog/>
            </gps>
          </control>
          <!--list of tabgroups for entities-->
          <!--ArchEnt / Record Type: NEW_TAB-->
          <New_Tab>
            <New_Tab_GeneralInformation>
              <Feature_ID/>
              <Feature_Presence/>
              <Update/>
              <Delete/>
            </New_Tab_GeneralInformation>
          </New_Tab>
        </faims>
      </instance>
      <!--list of numeric and blocktext(memo) attributes(fields)-->
      <bind nodeset="/faims/New_Tab/New_Tab_GeneralInformation/Feature_ID" type="decimal"/>
    </model>
  </h:head>
  <h:body>
    <!--Describes controls for each tabgroup and its nested tabs-->
    <group ref="style">
      <label/>
      <group ref="orientation">
        <label/>
        <input ref="orientation">
          <label>horizontal</label>
        </input>
      </group>
      <group ref="even">
        <label/>
        <input ref="layout_weight">
          <label>1</label>
        </input>
      </group>
    </group>
    <group ref="user">
      <label>{User_List}</label>
      <group ref="usertab" faims_scrollable="false">
        <label>{User_List}</label>
        <select1 appearance="compact" ref="users">
          <label>{Users}:</label>
          <item>
            <label>placeholder</label>
            <value>placeholder</value>
          </item>
        </select1>
      </group>
    </group>
    <group ref="control">
      <label>Maps and Controls</label>
      <group faims_scrollable="false" ref="map">
        <label>Map</label>
        <input faims_certainty="false" faims_map="true" ref="map">
          <label/>
        </input>
      </group>
      <group faims_style="orientation" ref="mapContainer">
        <label/>
        <group faims_style="even" ref="child0">
          <label/>
          <trigger ref="zoomGPS">
            <label>CenterMe</label>
          </trigger>
        </group>
        <group faims_style="even" ref="child1">
          <label/>
          <trigger ref="clear">
            <label>Remove</label>
          </trigger>
        </group>
        <group faims_style="even" ref="child2">
          <label/>
          <trigger ref="create">
            <label>Create</label>
          </trigger>
        </group>
      </group>
    </group>
    <group ref="data" faims_scrollable="false">
      <label>Saved Features</label>
      <select1 faims_annotation="false" faims_certainty="false" ref="RS_FeatureList" appearance="compact">
        <label>Saved Remote Sensing Features</label>
        <item>
          <label>placeholder</label>
          <value>placeholder</value>
        </item>
      </select1>
    </group>
    <group ref="gps">
      <label>Control</label>
      <trigger ref="connectexternal">
        <label>Connect To External GPS</label>
      </trigger>
      <trigger ref="connectinternal">
        <label>Connect To Internal GPS</label>
      </trigger>
      <trigger ref="startsync">
        <label>Start Synching</label>
      </trigger>
      <trigger ref="stopsync">
        <label>Stop Synching</label>
      </trigger>
      <trigger ref="startTimeLog">
        <label>Start Time Log</label>
      </trigger>
      <trigger ref="startDistanceLog">
        <label>Start Distance Log</label>
      </trigger>
      <trigger ref="stopTrackLog">
        <label>Stop Track Log</label>
      </trigger>
    </group>
    <!--NEW_TAB-->
    <group ref="New_Tab" faims_archent_type="New Tab">
      <label>{New_Tab}</label>
      <group ref="New_Tab_GeneralInformation">
        <label>{This_tab_contains_two_values}</label>
        <input ref="Feature_ID" faims_attribute_name="Feature ID" faims_certainty="true" faims_attribute_type="measure" faims_read_only="false">
          <label>{Feature_ID}</label>
        </input>
        <!--We would like to see Radiogroup-->
        <select1 ref="Feature_Presence" faims_attribute_name="Feature Presence" faims_certainty="true" appearance="full" faims_attribute_type="vocab" faims_read_only="false">
          <label>{Feature_Presence}</label>
          <item>
            <label>placeholder</label>
            <value>placeholder</value>
          </item>
        </select1>
        <trigger ref="Update">
          <label>{Save.Record}</label>
        </trigger>
        <trigger ref="Delete">
          <label>{Delete.Record}</label>
        </trigger>
      </group>
    </group>
  </h:body>
</h:html>
